,title
0,직장인 헬스혁명 1화
1,오르부아르
2,그들이 말하지 않는 23가지
3,비교하지 않는 연습
4,먹고 마시는 것들의 자연사
5,"딱 1년만, 나만 생각할게요"
6,기억 파단자
7,무엇으로 읽을 것인가
8,김형제의 이미지 잉글리시
9,머리를 비우는 뇌과학
10,골든아워 1
11,끌리는 것들의 비밀
12,죽고 싶지만 떡볶이는 먹고 싶어
13,12가지 인생의 법칙
14,무난하게 사는 게 답이야
15,공포(Fear)
16,내 나이 벌써 마흔인데 해놓은 게 아무것도 없어
17,상속의 역사
18,스트레스에 강한 아이의 비밀
19,그만해 거짓말
20,그 많던 싱아는 누가 다 먹었을까
21,기적의 수면법
22,개정판 | 영어회화 핵심패턴 233
23,행동 뒤에 숨은 심리학
24,봉제인형 살인사건
25,죽여 마땅한 사람들
26,Cosmopolitan 2019년 1월호
27,Esquire 2019년 1월호
28,밥보다 일기
29,부자의 습관
30,이 공식을 모르면 PT하지 마라
31,불안
32,히가시노 게이고의 무한도전
33,고통은 나눌 수 있는가
34,쓰기의 감각
35,어라운드 63호 ARTIST
36,별의 계승자
37,보노보노 1권
38,유시민의 글쓰기 특강
39,라틴어 수업
40,빨간 머리 앤
41,채권쟁이 서준식의 다시 쓰는 주식 투자 교과서
42,돌이킬 수 있는
43,앨리스 죽이기
44,상류의 탄생
45,만화 로마사 1
46,설민석의 조선왕조실록
47,Bazaar 2019년 1월호
48,Elle 2019년 1월호
49,오리지널스
50,베일리 어게인
51,28
52,서민 교수의 의학 세계사
53,넛지 Nudge
54,오베라는 남자
55,완벽한 날들
56,드래곤 라자 1
57,디자인 Design 2019.01
58,장하준의 경제학 강의
59,모든 것을 기억하는 남자
60,박시백의 조선왕조실록 1
61,20대가 부러워하는 중년의 몸만들기
62,개미 1
63,미국 어디까지 알고있니?
64,검사내전
65,나와 그녀의 왼손
66,이니미니
67,비커밍
68,시민의 교양
69,논어
70,예정된 위기
71,팩트체크
72,마음챙김
73,어떻게 살 것인가
74,마션
75,필립 코틀러의 마켓 4.0
76,영어회화 필수 단어 무작정 따라하기
77,만화로 읽는 피케티의 21세기 자본
78,앵무새 죽이기
79,앞으로 5년 미중전쟁 시나리오
80,술꾼 도시 처녀들 1
81,디지털 매트릭스
82,신문물검역소
83,데미안
84,"한국경제, 반전의 조건"
85,제로 투 원
86,오버 더 호라이즌
87,눈물을 마시는 새 1
88,어떤 능력이 당신을 최고로 만드는가
89,개정판 | 어떻게 원하는 것을 얻는가 (밀리언 특별판)
90,시트콤
91,그릿 GRIT
92,오늘의 다은
93,시골 카페에서 경영을 찾다
94,3층 서기실의 암호
95,혼자서 완전하게
96,나의 한국현대사
97,스마트폰을 떨어뜨렸을 뿐인데
98,재테크 트렌드 2019
99,"책과 정원, 고양이가 있어 좋은 날"
100,김상욱의 과학공부
101,교양인을 위한 인문학 사전
102,강의
103,오만과 편견
104,나를 사랑하지 않는 나에게
105,개정판 | 헬스의 정석_ 종합편
106,북유럽신화
107,개정판 | 11문자 살인사건
108,행복이가득한집 2019.01
109,보이지 않는 가격의 경제학
110,혼자 살아보니 괜찮아
111,90년생이 온다
112,료칸에서의 하루
113,세계미래보고서 2019
114,개정판 | 국가란 무엇인가
115,나는 돈에 미쳤다
116,게으름도 습관이다
117,콰이어트 Quiet
118,디지털 트렌드 2019
119,엄마의 화코칭
120,핑거스미스
121,"통찰, 평범에서 비범으로"
122,하마터면 회계를 모르고 일할 뻔했다!
123,고스트 라이터즈
124,엄마 오늘도 사랑해
125,오사카 키친
126,혼자 읽는 세계미술사 1권
127,지도 위의 인문학
128,개정판 | 살인예언자 1권
129,처음부터 다시 읽는 친절한 세계사
130,혼자가 편한 사람들
131,식탁 위의 경제학자들
132,하버드 교양 강의
133,파피용
134,제가 좀 숫자에 약해서
135,거울 앞에서 너무 많은 시간을 보냈다
136,신경 끄기의 기술
137,YouTube 유튜브로 돈 벌기
138,개정판 | 비즈니스 영어회화 & 이메일 핵심패턴 233
139,개정판 | 왜 세계의 절반은 굶주리는가?
140,"누가 뭐라 하든, 하고 싶은 대로 직진"
141,사이코패스
142,맛있다 제주!
143,은하수를 여행하는 히치하이커를 위한 안내서 1
144,틀리지 않는 법
145,이태훈의 사진으로 떠나는 세계여행 - 요르단&레바논
146,월급은 적어도 돈은 모으고 싶어
147,독서는 절대 나를 배신하지 않는다
148,코브라
149,퇴사준비생의 도쿄
150,개정판 | 미드 영어회화 핵심패턴 233
151,2억 빚을 진 내게 우주님이 가르쳐준 운이 풀리는 말버릇
152,"일본, 엄청나게 가깝지만 의외로 낯선"
153,위험한 과학책
154,데드맨
155,"어쩌지, 고양이라서 할 일이 너무 많은데"
156,셰익스피어 이야기 1
157,세계 단편집
158,당신이 남긴 증오
159,90일 완성 돈 버는 평생 습관
160,삼성의 CEO들은 무엇을 공부하는가
161,FBI행동의 심리학
162,기초 영작 100일의 기적
163,여자의 독서
164,럭셔리 Luxury 2019.01
165,김 박사는 누구인가?
166,일하지 않을 권리
167,백 번째 여왕
168,일상을 심플하게
169,서울 문학 기행
170,판사 유감
171,스트로베리 나이트
172,삼국지 1 - 도원결의
173,해 먹을 수 있을까?
174,최진기의 지금 당장 경제학
175,세상을 알라
176,차라투스트라는 이렇게 말했다
177,향수
178,창문 넘어 도망친 100세 노인
179,제3인류 1권
180,악의 꽃 (앙리 마티스 에디션)
181,19호실로 가다
182,일본 소도시 여행
183,우리에겐 언어가 필요하다
184,합법적으로 세금 안 내는 110가지 방법 : 개인편 (2019 개정판)
185,사부의 요리
186,리허설
187,1등의 통찰
188,맥주 상식사전
189,여행 일본어 무작정 따라하기
190,인생이 빛나는 정리의 마법
191,세계 100대 작품으로 만나는 현대미술 강의
192,아마존 미래전략 2022
193,드로잉 수업
194,빨강머리 앤이 하는 말
195,침묵의 기술
196,왠지 클래식한 사람
197,실수연발 건망증 투성이는 어떻게 기억력 천재가 됐을까?
198,아침 5시의 기적
199,보이지 않는 건축 움직이는 도시
200,문명의 충돌
201,THE PATH 더패스
202,개정판 | 쏟아지는 일 완벽하게 해내는 법
203,기묘한 생물학
204,헬스의 정석-근력운동편
205,위대한 개츠비
206,파우스트
207,좀머 씨 이야기
208,1일 1개 버리기
209,클라라 죽이기
210,"입사 3년차, 월급만으로는 살 수 없다는 걸 알았다"
211,숨결이 바람 될 때
212,개정판 | 리버보이
213,금속의 세계사
214,개정판ㅣ개를 훔치는 완벽한 방법
215,맨즈헬스 2018년 12월호
216,관계를 읽는 시간
217,세계경제 상식사전
218,사상 최강의 철학 입문
219,스페인어 회화 무작정 따라하기
220,온 더 무브
221,완벽하지 않아서 행복한 스웨덴 육아
222,타인은 지옥이다
223,사라진 후작
224,냉철하게 쓰고 한눈에 보이는 보고서의 정석
225,기억술사1
226,위대하고 위험한 약이야기
227,일인분 인문학
228,자신을 행성이라 생각한 여자
229,서촌 방향
230,매혹당한 사람들
231,프랑켄슈타인
232,나무
233,팩트체크 경제·상식 편
234,힘 빼기의 기술
235,거리의 변호사
236,손석희 저널리즘
237,다시 자본을 읽자
238,내 문장이 그렇게 이상한가요?
239,조제와 호랑이와 물고기들
240,밤은 짧아 걸어 아가씨야
241,판타스틱 그림책 육아
242,사랑의 학교
243,멀티플라이어
244,타이탄의 도구들
245,콘텐츠의 미래
246,도쿄대 교수가 제자들에게 주는 쓴소리
247,나는 죽을 때까지 재미있게 살고 싶다
248,개정판 | 요즘 제주 (2018-2019)
249,금색기계
250,영어회화 100일의 기적
251,"여름, 어디선가 시체가"
252,유튜브 온리
253,제가 왜 참아야 하죠?
254,음식의 심리학
255,어떻게 인생을 살 것인가
256,비하인드 도어
257,뷰티풀 라이프 1
258,이별의 순간 개가 전해준 따뜻한 것
259,하버드 협상 수업
260,데스노트에 이름을 쓰면 살인죄일까
261,35년.1권
262,표현의 기술
263,질풍론도
264,캠핑(CAMPING) 1권
265,침대부터 정리하라
266,이방인
267,그리고 신은 얘기나 좀 하자고 말했다
268,장미의 이름 (상)
269,1984년
270,오늘도 중심은 나에게 둔다
271,1% 부의 비밀
272,국가는 왜 실패하는가
273,Y의 비극
274,이보영 선생님~ 우리 아이 영어 어쩌죠?
275,죽은 왕녀를 위한 파반느
276,아들 셋 엄마의 돈 되는 독서
277,허즈번드 시크릿
278,이영도 SF판타지 단편선
279,취향의 탄생
280,고양이 사용 설명서
281,1년 만에 기억력 천재가 된 남자
282,개정판 | 범인 없는 살인의 밤
283,너에게 들키고 싶은 혼잣말
284,호숫가 살인사건
285,개정판 | 탄환의 심판
286,버리니 참 좋다
287,현남 오빠에게
288,수면 밸런스
289,요즘 브랜드
290,네이티브는 쉬운 일본어로 말한다 - 1000문장 편
291,개정판 | 차트분석 무작정 따라하기 (2017)
292,아픔이 길이 되려면
293,"영어 잡학 사전 - 단어, 어원, 일상, 문화 편"
294,개정판 | 영어 리딩 무작정 따라하기
295,미국현지영어회화무작정 따라하기
296,괴물이라 불린 남자
297,삶의 무게를 줄이는 방법
298,직장인 생존을 위한 회사 사용설명서
299,결혼과 육아의 사회학
300,아침이 온다
301,일상적이지만 절대적인 생물학지식 50
302,교양인을 위한 수학사 강의
303,"우주복 있음, 출장 가능"
304,도쿄 산보
305,나는 돈이 없어도 사업을 한다
306,하루 30분의 힘
307,CEO 만화에서 경영을 배우다
308,모든 것의 기원
309,습지생태보고서
310,너 자신을 알라
311,그리스인 조르바
312,어린 왕자
313,나는 고양이로소이다
314,변신
315,뇌 2
316,도리스의 빨간 수첩
317,팩트체크 정치·사회 편
318,메뉴 고민 없는 매일 저녁밥
319,아빠가 되는 시간
320,"따로, 또 같이 살고 있습니다"
321,사장은 어떻게 일해야 하는가
322,어쩌다 어른
323,글쓰기의 최전선
324,시의 문장들
325,2019 세금 완전정복
326,집값 높여도 잘 팔리는 부동산 인테리어
327,무민과 아빠의 선물
328,마흔에 읽는 손자병법
329,작은 돈으로 시작하는 그림 재테크
330,배려
331,초능력보다 코딩
332,그림으로 보는 세계사 1 : 고대 이야기
333,피를 마시는 새 1
334,마지막 패리시 부인
335,예정된 전쟁
336,DEATH 죽음이란 무엇인가
337,탤런트 코드
338,청소 시~작!
339,Money (머니)
340,개정판 | 게임의 이름은 유괴
341,최고의 휴식
342,개정판 | 회랑정 살인사건
343,오래 보아야 예쁘다 너도 그렇다
344,철로 된 강물처럼
345,리틀 드러머 걸
346,브루투스의 심장
347,개정판 | 하룻밤에 읽는 유럽사
348,개정판 | 프로파일러 표창원의 사건 추적
349,1초 만에 재무제표 읽는 법: 기본편
350,예감은 틀리지 않는다
351,아는동네 아는이태원
352,존 나이스비트 미래의 단서
353,엑셀 2016 매크로&VBA 무작정 따라하기
354,돈이 모이는 생활의 법칙
355,아빠 육아 공부
356,달콤한 나의 도시
357,"비혼입니다만, 그게 어쨌다구요?!"
358,개정판 | 삼미 슈퍼스타즈의 마지막 팬클럽
359,너무 재밌어서 잠 못 드는 세계사
360,영화가 사랑한 클래식
361,진짜 부산 100
362,죽기 전에 알아야 할 5가지 물리법칙
363,오늘처럼 내가 싫었던 날은 없다
364,불쾌한 사람들과 인간답게 일하는 법
365,우리집 테라스에 펭귄이 산다
366,크리에이터의 생각법
367,세계 철학사
368,나는 단순하게 살기로 했다
369,본능 독서
370,미니멀 키친
371,기억력도 스펙이다
372,너는 사랑을 잘못 배웠다
373,인생학교: 섹스
374,밤에 읽는 소심한 철학책
375,개정판 | 사조영웅전 10권
376,인문의 바다에 빠져라
377,가상 현실의 탄생
378,웃는 남자 (상)
379,동물농장
380,햄릿
381,죄와 벌 (상)
382,서부 전선 이상 없다
383,타나토노트 1
384,베르나르 베르베르의 상상력 사전
385,임플란트 전쟁
386,오만과 편견
387,주말여행 버킷리스트 99
388,악마가 와서 피리를 분다
389,악마의 공놀이 노래
390,수축사회
391,마르크스의 특별한 눈
392,문구의 과학
393,소설의 첫 문장
394,셀프 마사지
395,무엇이 중국을 1등으로 만드는가
396,혼돈의 세계
397,무민과 잊지 못할 비행
398,무민과 겨울의 비밀
399,해저 2만 리
400,만화 삼국지 1 도원결의
401,TAP 탭
402,행복의 조건
403,오버 더 초이스
404,너를 놓아줄게
405,혼자 사는 즐거움
406,Real Talking in the Office(리얼 토킹 인 디 오피스)
407,탐정클럽
408,아르테미스
409,친밀한 범죄자
410,나는 살인자를 사냥한다
411,ENJOY 일본어 메뉴판 읽기
412,개정판 | 영어패턴 500 플러스
413,왕초보 일본어패턴 200 플러스
414,회계 천재가 된 홍대리 1권
415,"근데, 영화 한 편 씹어먹어 봤니?"
416,혐오사회
417,레버리지
418,1초 만에 재무제표 읽는 법: 실전편
419,"BTS Insight, 잘함과 진심"
420,폴리팩스 부인과 여덟 개의 여권
421,한번은 한문 공부
422,그것이 나만은 아니기를
423,정의를 부탁해
424,드라마 중국어회화 핵심패턴 233
425,지옥이 새겨진 소녀
426,끝나지 않는 여름
427,와이즈 트렌드
428,조선사 아는 척하기
429,펀치 에스크로
430,아내수업
431,더 격렬하게 아무것도 하고싶지않다
432,개정판 | 프레임
433,하루 30분 요리가 된다
434,클래식 수업
435,모든 요일의 기록
436,세계 최고의 인재들은 어떻게 기본을 실천할까
437,어쩌다보니 5개국어 능력자
438,모든 순간의 물리학
439,남편
440,레오파드
441,개정판 | 감옥으로부터의 사색
442,개정판 | 신조협려 1권
443,세계 호러 단편 100선
444,잠 1
445,도리언 그레이의 초상
446,신 3
447,100세 수업
448,"빅뱅에서 인간까지_ 우주, 생명, 문명"
449,더 파더 1
450,타살의 흔적
451,기쁨에 접속하라
452,나쁜 습관 정리법
453,아 아이이치로의 낭패
454,밤의 새가 말하다 1
455,"안녕, 동백숲 작은 집"
456,습관 성형
457,쓰기의 말들
458,쿤의 과학혁명의 구조
459,옥스퍼드 중국사 수업
460,무민의 외딴섬 여행
461,무민과 마법의 색깔
462,로맨틱 버킷리스트
463,대통령의 말하기
464,반응하지 않는 연습
465,그림으로 보는 그리스 로마 신화 2
466,나를 사랑할 용기
467,나는 마트 대신 부동산에 간다
468,손정의 제곱 법칙
469,메모 습관의 힘
470,업루티드
471,개정판 | 한 권으로 읽는 조선왕조실록
472,혼자 일하는 즐거움
473,샌드맨
474,처음 읽는 아프리카의 역사
475,상식과 교양으로 읽는 중국의 역사
476,더블
477,스틱! STICK!
478,개정판 | 아름다운 흉기
479,개정판 | 부자들의 개인 도서관
480,쓸쓸하고 찬란하신 도깨비 1
481,3 데이즈 in 삿포로
482,일본어가 술술 나오는 일본 여행
483,참 소중한 너라서
484,백마산장 살인사건
485,"인조이 다낭, 호이안, 후에(2018)"
486,#너에게(스페셜에디션)
487,이메일 영어패턴 500 플러스
488,영어 중독자 두껍의 진짜 미쿡 영어
489,비즈니스 영어패턴 500 플러스
490,개정판 | 4개의 통장
491,골목길 자본론
492,1년만 닥치고 영어
493,대논쟁! 철학 배틀
494,마케팅 천재가 된 홍대리
495,진실 유포죄
496,웹소설의 충격
497,뜻밖의 스파이 폴리팩스 부인
498,폴리팩스 부인 : 미션 이스탄불
499,폴리팩스 부인과 꼬마 스파이
500,최신개정판 | 주식투자 무작정 따라하기
501,개정판 | 주식투자 무작정 따라하기2 - ETF (2017)
502,개정판 | 재무제표 무작정 따라하기 (2017)
503,블로그 운영&마케팅 무작정 따라하기
504,무작정 따라하기 후쿠오카 (2017-2018)
505,기도 내려놓기
506,개와 늑대의 시간
507,비명을 찾아서 상
508,눈앞에 없는 사람
509,피로사회
510,세상물정의 물리학
511,신호와 소음
512,하루 3문장 영어일기 무작정 따라하기
513,개정판 | 미국 영어발음 무작정 따라하기
514,트렌드 코리아 2018 (10주년 특별판)
515,체육관의 살인
516,아직 우리에겐 시간이 있으니까
517,라이프 오어 데스
518,관 : Der Sarg
519,아름다운 몸 만들기
520,백년을 살아보니
521,반물질
522,밀가루만 끊어도 100가지 병을 막을 수 있다
523,마티네의 끝에서
524,도쿄에 왔지만
525,왜 우리는 불평등해졌는가
526,아쿠아리움
527,비정하고 매혹적인 쩐의 세계사
528,행복의 기원
529,오해하지 않는 연습 오해받지 않을 권리
530,불안이라는 위안
531,열한 계단
532,중력의 임무
533,여왕마저도
534,마흔 지금 시작하면 좋은 것들
535,공허한 십자가
536,스탠퍼드식 최고의 수면법
537,10일 만에 끝내는 MBA
538,개정증보판 | 스타트업 바이블
539,짧고 굵은 고전 읽기
540,우아하게 랍스터를 먹는 법
541,통계가 빨라지는 수학력
542,마이 매드 팻 다이어리
543,빅데이터를 지배하는 통계의 힘
544,대한민국 감동여행 BEST 27
545,도미니크 로로의 심플한 정리법
546,"인류 최고의 설득술, 프렙(Prep)"
547,루살카 저주의 기록
548,하지 않을 일 리스트
549,너에게 하고 싶은 말
550,"멈추면, 비로소 보이는 것들"
551,음흉하게 꿈꾸는 덱스터
552,아들
553,유시민의 경제학 카페
554,개정판 | 소오강호 52권 (완결)
555,녹정기 1권
556,예일대 지성사 강의
557,5500만원으로 작은 식당 시작했습니다
558,습관홈트
559,대한민국 부동산 7가지 질문
560,경제공부의 바다에 빠져라
561,친구들과의 대화
562,모비 딕 (상)
563,논문 잘 쓰는 방법
564,돈키호테 2권
565,머큐리
566,푸코의 진자 1
567,성욕에 관한 세 편의 에세이
568,인간
569,아버지들의 아버지 1
570,매일 심리학 공부
571,스스로 마음을 지키는 아이
572,나는 부동산과 맞벌이한다
573,백일홍 나무 아래
574,이누가미 일족
575,유언장
576,사라진 배심원
577,그래서 그들은 바다로 갔다
578,과학을 읽다
579,번역자를 위한 우리말 공부
580,How to Study 공부책
581,무민과 봄에 온 편지
582,분서자들 1권
583,페어리랜드 1권
584,"빠레, 살라맛 뽀"
585,나의 아름다운 이웃
586,파이 이야기
587,에고라는 적
588,4차 산업혁명의 충격
589,소셜애니멀
590,담대한 목소리
591,아빠의 김치찌개
592,살아있는 공룡화보 130
593,구비구비전래동화
594,걸리버 여행기
595,공룡왕 티노 1
596,협상의 신
597,폴라리스 랩소디 1권
598,퓨처 워커 3
599,아들의 뇌
600,인플루언서 마케팅
601,1등의 습관
602,똑똑한 사람들의 멍청한 선택
603,개정판 | 리얼토킹
604,보수는 어떻게 지배하는가
605,생각해봤어?
606,내 얘기를 들어줄 단 한 사람이 있다면
607,어떻게 살인자를 변호할 수 있을까
608,나는 왜 이렇게 사는가
609,자신 있게 결정하라
610,한권으로 읽는 고려왕조 실록
611,성공이 행복인 줄 알았다
612,나라는 이상한 나라
613,개정판 | 베트남 100배 즐기기 (2018-2019)
614,괜찮지 않습니다
615,개정판 | 수상한 사람들
616,아이를 크게 키우는 놀이 육아
617,거짓말을 먹는 나무 (THE LIE TREE)
618,"스타벅스, 공간을 팝니다"
619,스타트업처럼 생각하라
620,스마일리의 사람들
621,이메일 영어 100일의 기적
622,비즈니스영어 100일의 기적
623,영어회화 마스터 1000+(일상회화편)
624,writing 절대 매뉴얼 (미국 수업시간에 배우는 라이팅 절대 매뉴얼)
625,임정섭의 글쓰기 훈련소
626,1천 권 독서법
627,4차 산업혁명 재테크의 미래
628,논어 천재가 된 홍 팀장
629,하루하루가 이별의 날
630,고양이는 내게 행복하라고 말했다
631,호르몬 밸런스
632,1초 만에 재무제표 읽는 법 : 사례편
633,새벽에 혼자 읽는 주역인문학
634,100대 유물로 보는 세계사
635,왜 나는 영업부터 배웠는가
636,이렌
637,이게 다 야구 때문이다
638,홍도
639,회사에서 잘나가는 중간의 기술
640,2019 ICT 트렌드 - 크로스 테크놀로지의 시대가 온다
641,PD가 말하는 PD
642,선을 넘어 생각한다
643,개정판 | 자동차 주말여행 코스북
644,무작정 따라하기 오키나와
645,개정판 | 만화 주식투자 무작정 따라하기 (2017)
646,간호사가 말하는 간호사
647,과학자는 전쟁에서 무엇을 했나
648,"영어 잡학 사전 - 시사, 정치, 역사, 종교 편"
649,디바제시카의 미드나잇 잉글리시
650,일의 기쁨과 슬픔
651,인생수업
652,스테이션 일레븐
653,스스로 살아가는 힘
654,무코다 이발소
655,나는 왜 너가 아니고 나인가
656,고마네치를 위하여
657,생각의 보폭
658,너무 맛있어서 잠 못 드는 세계지리
659,달콤한 제안
660,걱정을 해서 걱정이 없어지면 걱정이 없겠네
661,행복 예습
662,공부유감
663,끌리는 사람은 매출이 다르다
664,우연의 설계
665,나는 왜 무기력을 되풀이하는가
666,일상적이지만 절대적인 뇌과학지식 50
667,가슴에 바로 전달되는 아들러식 대화법
668,사진이 달라지는 아이디어 100
669,DSLR도 부럽지 않은 똑딱이 카메라
670,생이 끝나갈 때 준비해야 할 것들
671,메모의 기적
672,효도할 수 있을까?
673,30점짜리 엄마 2
674,"관능의 맛, 파리"
675,"아마존, 세상의 모든 것을 팝니다"
676,미식가의 도서관
677,개정판 | 육일약국 갑시다
678,그물망 공부법
679,라마와의 랑데부
680,크로스토크
681,정신병원을 탈출한 여신 프레야
682,세상에서 가장 재미있는 심리학 백과사전
683,가을의 복수
684,밤의 이야기꾼들
685,밤과 낮 사이 1권
686,로쟈와 함께 읽는 지젝
687,메모의 재발견
688,글로벌 투자 전쟁
689,무심하게 산다
690,모던 팝 스토리
691,하버드 최강 공부법
692,1등 스타트업의 비밀
693,인생에 가장 중요한 7인을 만나라
694,개정판 | 건지 감자껍질파이 북클럽
695,맛있다 파리!
696,아이언맨 수트는 얼마에 살 수 있을까?
697,고객 유혹의 기술
698,샘킴의 맛있는 브런치
699,김민지의 탐나는 집반찬
700,레디메이드 인생 (한국문학을 권하다 12: 채만식 대표작품집 2)
701,날개 (한국문학을 권하다 10: 이상 소설전집)
702,소년의 비애 (한국문학을 권하다 01: 이광수 중단편선집)
703,1일 30분 회사 공부법
704,우리는 왜 죽음을 두려워할 필요없는가
705,김태권의 한나라이야기 1권
706,김태권의 십자군이야기1권
707,프랑스 엄마처럼 똑똑하게 야단쳐라
708,한마디면 충분하다
709,돈보다 운을 벌어라
710,경영의 모험
711,블러드 온 스노우
712,데빌스 스타
713,숲
714,후불제 민주주의
715,운명이다
716,담론
717,더 클래식 하나
718,엉덩이를 부탁해!
719,폐어 1권
720,노란구미의 돈까스 취업 2권 (완결)
721,을지로순환선
722,최진기의 교실밖 인문학
723,어떻게 읽을 것인가
724,고영성의 뒤죽박죽 경영상식
725,경제를 읽는 기술 HIT
726,스타워즈로 본 세상
727,전쟁에서 살아남기
728,거대한 불평등
729,자신의 이름을 지킨 개 이야기
730,무기여 잘 있거라
731,아Q정전
732,페스트
733,까라마조프 씨네 형제들 (상)
734,면역에 관하여
735,해방의 비극
736,감옥에 가기로 한 메르타 할머니
737,노예 12년
738,로아나 여왕의 신비한 불꽃 (하)
739,허클베리 핀의 모험
740,마의 산 (상)
741,최초의 인간
742,파라다이스 2
743,천사들의 제국 (하)
744,무기가 되는 스토리
745,분열된 자기
746,책 읽어주는 남자
747,파묻힌 거인
748,에마
749,맨스필드 파크
750,레이디 수전 외
751,혼자 상처받지 않는 법
752,부동산 투자의 정석
753,고양이에 대하여
754,죽고 싶은 사람은 없다
755,리틀 라이프 1
756,개정판 | 노후를 위해 집을 이용하라
757,E3 : 신이 선물한 기적
758,밤 산책
759,혼진 살인사건
760,옥문도
761,프로의 메이크업을 훔쳐라
762,E2 : 소원을 이루는 마력
763,펠리컨 브리프
764,파트너
765,레인 메이커
766,X의 비극
767,매디슨 카운티의 추억
768,매디슨 카운티의 다리
769,공부가 되는 글쓰기
770,일본 1인 출판사가 일하는 방식
771,세렝게티 법칙 THE SERENGETI RULES
772,공부하는 삶
773,"웃어라, 내 얼굴"
774,개정판 | 셀프
775,무민과 아빠의 첫 운전
776,무민과 최고의 경주
777,무민과 화해의 편지
778,무민과 모두의 언덕
779,무민의 단짝 친구
780,개정판 | 숲속의 빈터
781,하루키가 내 부엌으로 걸어 들어왔다 1권
782,유정천 가족
783,나의 인생
784,소리가 보이는 사람들
785,부자아빠 기요사키가 말하는 부자들의 음모
786,만능양육
787,상처받을 용기
788,"엄마, 받아쓰기 해 봤어?"
789,오즈의 마법사
790,보물섬
791,만화로 보는 지식교과서 정치 경제 법으로 배우는 사회
792,켄 피셔 역발상 주식 투자
793,행복을 풀다
794,해피니스 트랙
795,피터 드러커의 자기경영노트
796,그림자 자국
797,대한민국 진로백서
798,최고의 기획자는 세 번 계략을 짠다
799,100명 중 98명이 헷갈리는 우리 말 우리 문장
800,내가 알고 있는걸 당신도 알게 된다면
801,부자 독학
802,빌 게이츠는 왜 생각주간을 만들었을까
803,청소년을 위한 시간의 역사
804,모든 것이 되는 법
805,"개정판 | 9등급 꼴찌, 1년 만에 통역사 된 비법"
806,몽위
807,최고들의 일머리 법칙
808,개정판 | 잉글리시 리스타트 어드밴스드 1
809,스페셜티 커피 테이스팅
810,글로벌 코드
811,담배를 든 루스
812,춘추전국사
813,"와튼스쿨 인생학 강의, 첫 번째 질문"
814,내가 공부하는 이유
815,당신이 경제학자라면
816,그남자 그여자1
817,경제학 콘서트
818,립잇업 Rip it up
819,핸드드립 커피 좋아하세요?
820,신의진의 아이 심리 백과
821,개정판 | 이탈리아 100배 즐기기
822,당신의 마음을 안아줄게요
823,외로운 것들에 지지 않으려면
824,퇴사학교
825,개정판 | 호주 100배 즐기기
826,개정판 | 춤추는 혈당을 잡아라
827,개정판 | 태국 100배 즐기기 : 베트남·캄보디아·라오스
828,교토 일상산책
829,지중해 부자
830,인조이 괌(2018)
831,인조이 푸껫(2018)
832,인조이 하와이(2018)
833,인조이 베트남(2018)
834,백만장자와 함께한 배낭여행
835,구글처럼 생각하라
836,ENJOY 여행영어
837,블루워터의 영어 한마디
838,피니시
839,파리에서 도시락을 파는 여자
840,이나모리 가즈오의 왜 사업하는가
841,시대의 소음
842,자존감 심리학
843,명상 인문학
844,"씁니다, 우주일지"
845,강성태 66일 공부법
846,트리거
847,전략의 교실
848,동서양을 넘나드는 보스포루스 과학사
849,영어 천재가 된 홍대리
850,클레오파트라의 딸 2
851,소년은 눈물 위를 달린다
852,로지와 존
853,청년의사 장기려
854,초보사장 빨리 벗어나라 (실전사장학1)
855,조선을 뒤흔든 16가지 연애사건
856,중국 천재가 된 홍대리 1권
857,왕을 만든 여자 2
858,외식의 품격
859,프린세스 바리
860,토익공부 하지마
861,다시 사랑하기 위한 말들
862,취하지 않고서야
863,개정판 | 제주 자동차여행 코스북
864,무작정 따라하기 도쿄 (2017~2018)
865,개정판 | 마케팅 성공사례 상식사전
866,지금 여기 깨어있기
867,나는 부동산 투자가 가장 쉽다
868,나는 주식과 맞벌이한다
869,"세 PD의 미식기행, 목포"
870,쾌도난마 한국경제
871,무한화서
872,오늘의 거짓말
873,아름다움의 구원
874,김대식의 빅퀘스천
875,영어 인터뷰 핵심 패턴 233
876,흉가
877,호텔 VIP에게는 특별함이 있다
878,"하루 3분, 수면 혁명"
879,진중권 미학 에세이
880,직장인 주식투자의 정석
881,일생에 한번은 고수를 만나라
882,실행이 답이다
883,산책자
884,비 온 뒤
885,부엌의 화학자
886,버리면서 채우는 정리의 기적
887,독한 창업
888,내 심장을 쏴라
889,날씨가 만든 그날의 세계사
890,괴담의 테이프
891,결론부터 써라
892,“죽을 만큼 힘들면 회사 그만두지그래”가 안 되는 이유
893,2019 경매 통장
894,8시간
895,끌리는 사람은 매출이 다르다 - 실천편
896,개정판 | 진짜 제주 100
897,모든 진화는 공진화다
898,직장인이여 회계하라
899,나는 더이상 회사에 휘둘리지 않기로 했다
900,우리는 왜 억울한가
901,일상적이지만 절대적인 양자역학지식 50
902,사소한 것들의 과학
903,일상적이지만 절대적인 화학지식 50
904,기생
905,패러데이와 맥스웰
906,사람의 마음을 읽는 시간 0.2초
907,멋진 사진 레시피 69
908,사진초보 탈출 프로젝트 30 DAYS
909,패닉에서 벗어나기
910,멀린1
911,인간을 읽어내는 과학
912,탁월한 사유의 시선
913,인생은 속도가 아니라 방향이다
914,효율적 이타주의자
915,스트레스의 힘
916,내가 본 것을 당신이 알게 됐으면
917,일생에 한번은 이탈리아를 만나라
918,유럽에서 클래식을 만나다
919,딱! 100일만 미쳐라
920,생각 버리기 연습
921,다윗과 골리앗
922,뇌로 통하다
923,나인 1
924,토익 시험 전에 알아야 할 모든것
925,그림 읽는 CEO
926,한 시간만 그 방에
927,일 열심히 하는 게 어때서
928,삼사라
929,구미베어 살인사건
930,바스라그 연대기 1
931,마지막으로 할 만한 멋진 일
932,우리가 추방된 세계
933,이중 도시
934,리틀 브라더
935,아들러 심리학 활용
936,아들러 심리학 입문
937,인비저블 레인
938,게스트
939,여름의 복수
940,브루클린으로 가는 마지막 비상구
941,새로운 계급투쟁
942,마크툽
943,프랑켄슈타인 가족
944,시간을 파는 상점
945,밤은 천 개의 눈을 가지고 있다
946,마법의 순간
947,그들은 책 어디에 밑줄을 긋는가
948,"세일즈, 말부터 바꿔라"
949,존 맥스웰 리더의 조건
950,나는 오늘부터 달라지기로 결심했다
951,병의 90%는 걷기만 해도 낫는다
952,1만 시간의 재발견
953,혁신의 대가들
954,스웨덴 엄마의 말하기 수업
955,전략의 역사 2
956,거절 잘 하는 법
957,"새벽 세시, 공시생 일기"
958,해적들의 창업이야기
959,여행 잘하는 사람으로 큰다면
960,회사에서 꼭 필요한 문제해결력
961,사진으로 배우는 우리아이 감정읽기
962,회사에서 꼭 필요한 최소한의 시간력
963,무정 (한국문학을 권하다 14: 이광수 장편소설)
964,까칠한 재석이가 돌아왔다
965,나의 MB재산답사기
966,플랜트 패러독스
967,인간 이후
968,영업은 배반하지 않는다
969,없어도 괜찮아
970,협상은 감정이다
971,"팔지마라, 사게하라"
972,뮤즈
973,미즈치처럼 가라앉는 것
974,사법부
975,전복과 반전의 순간 Vol.2
976,청구회 추억
977,열하일기 3
978,천룡팔부 1권
979,수리부엉이 3권 (완결)
980,좀비 연대기
981,글쓰는 삶을 위한 일 년
982,맛의 천재
983,"새뮤얼 헌팅턴의 미국, 우리는 누구인가"
984,어른들의 크리스마스
985,텃밭 2권 (완결)
986,우리아이 낭독혁명
987,부모공부
988,경제기사의 바다에 빠져라
989,최진기의 뒤죽박죽 경제상식
990,월급쟁이 부자들
991,4차 산업혁명 6개의 미래지도
992,전도서에 바치는 장미
993,팔레스타인 비극사
994,마제스틱 호텔의 지하
995,바스커빌가의 개
996,유토피아
997,고리오 영감
998,가난은 어떻게 죄가 되는가
999,파수꾼
1000,채털리 부인의 연인 (상)
1001,위대한 유산 (상)
1002,시간의 옷
1003,오후 네시
1004,불쏘시개
1005,배고픔의 자서전
1006,공격
1007,프라하의 묘지 1
1008,달의 궁전
1009,생피아크르 사건
1010,불평등의 대가
1011,꿈의 해석
1012,투명 인간
1013,시라노
1014,수용소군도
1015,여행의 책
1016,웃음 2
1017,상냥한 저승사자를 기르는 법
1018,언틸유아마인
1019,장내세균 혁명
1020,이성과 감성
1021,설득
1022,노생거 수도원
1023,생각수업
1024,나는 부동산으로 아이 학비 번다
1025,내 마음을 부탁해
1026,저절로 공부가 된다
1027,왜 사람들은 내 말을 오해하는 걸까?
1028,매칭
1029,사랑에 대하여
1030,글쓰기에 대하여
1031,악의 기원
1032,부동산 경매 어렵지 않아요
1033,10퍼센트 인간
1034,남심탐구 여심탐구
1035,깨어 있는 마음으로 깊이 듣기
1036,성취 습관
1037,생각은 죽지 않는다
1038,오솔길 끝 바다
1039,지구에서 여자로 산다는 것
1040,악당들의 섬
1041,나는 3D다
1042,아이의 자존감
1043,병원 고개의 목매달아 죽은 이의 집 2
1044,삼수탑
1045,여왕벌
1046,팔묘촌
1047,약 사용설명서
1048,저염밥상
1049,처음 20시간의 법칙
1050,타임 투 킬
1051,가스실
1052,드루리 레인 최후의 사건
1053,쓰리 세컨즈 1
1054,똑똑한 여우들의 직장생활 다이어리
1055,3초간
1056,벤처 하는 여자들
1057,《월간퇴사 1호》 - 퇴사러의 탄생
1058,"다시, 사랑"
1059,단어의 배신
1060,고로 나는 존재하는 고양이
1061,우리에게도 계보가 있다
1062,열린 인문학 강의
1063,책 먹는 법
1064,초보운전 특급과외
1065,김 부장은 왜 꼬마빌딩을 사지 않고 지었을까?
1066,임동권의 한 권으로 끝내는 꼬마빌딩 재테크
1067,시와 살다
1068,아무도 섬에 오라고 하지 않았다
1069,구제의 게임
1070,포르투갈의 높은 산
1071,무민의 새로운 친구
1072,무민과 잃어버린 목걸이
1073,무민과 위대한 수영
1074,무민의 특별한 보물
1075,아주 사소한 중독
1076,개정판 | 하품
1077,감각의 박물학
1078,데블 인 헤븐
1079,괜찮은 내일이 올 거야
1080,술이 있으면 어디든 좋아
1081,코코 샤넬
1082,시 읽는 기쁨 1
1083,파우스트
1084,대량살상수학무기
1085,힐빌리의 노래
1086,그때 장자를 만났다
1087,결국 당신은 이길 것이다
1088,이기려면 함께 가라
1089,강남 부자들
1090,"앞으로 10년, 돈의 배반이 시작된다"
1091,"한국 중국 일본, 그들의 교과서가 가르치지 않는 역사"
1092,인간은 바쁘니까 고양이가 알아서 할게
1093,하루 5분 아빠 목소리
1094,하루 3분 나만 생각하는 시간
1095,삶의 정도
1096,보이지 않는 차이
1097,우리 선생님은 바람둥이
1098,나만 아는 공룡 114
1099,맨 처음 세계 여행
1100,공포의 과학 탐정단
1101,"1학년 나가신다, 길을 비켜라"
1102,사윗감을 찾아 나선 쥐
1103,이솝 이야기 1
1104,장화신은 고양이
1105,두고 두고 읽고 싶은 한국대표 창작동화 10
1106,지킬 박사와 하이드씨
1107,그림으로 보는 한국사 2
1108,만화로 보는 지식교과서 명심보감
1109,만화로 보는 지식교과서 과학상식 100
1110,이시형 박사 면역이 암을 이긴다
1111,7번 읽기 공부 실천법
1112,이나모리 가즈오 어떻게 의욕을 불태우는가
1113,일심일언
1114,멀티플라이어 이펙트
1115,개정판 | NEXT SOCIETY
1116,피터 드러커 리더의 도전
1117,"존 가트맨, 최성애 박사의 내 아이를 위한 감정 코칭"
1118,엄마 같지 않은 엄마
1119,무엇이 평범한 그들을 최고로 만들었을까
1120,마왕
1121,라곰
1122,개정판 | 여섯 번째 사요코
1123,개정판 | 아무것도 하지 않을 권리
1124,사이드 트랙
1125,이제는 이기는 인생을 살고 싶다
1126,스마트한 선택들
1127,또라이들의 시대
1128,나는 단호해지기로 결심했다
1129,그림과 나
1130,괴짜처럼 생각하라
1131,훅 Hooked
1132,세상에서 가장 비싼 그림 100
1133,사신치바
1134,골든슬럼버
1135,한국의 슈퍼리치
1136,철학카페에서 시 읽기
1137,삼분의 일
1138,바른 마음
1139,나의 점집 문화 답사기
1140,불안한 남자
1141,한국의 장사꾼들
1142,슈퍼 괴짜 경제학
1143,스위치
1144,한권으로 읽는 백제왕조 실록
1145,왜 엄마는 나에게 아이를 낳으라고 했을까?
1146,지금 당장 이 불황을 끝내라!
1147,습관의 힘
1148,이상한 존
1149,현명한 부모가 꼭 알아야 할 대화법
1150,아이의 인생은 초등학교에 달려 있다
1151,서른 살엔 미처 몰랐던 것들
1152,영리한 아이가 위험하다
1153,개정판 | 도쿄 100배 즐기기 (2018-2019)
1154,"설레는 일, 그런 거 없습니다"
1155,백만장자 시크릿
1156,드라이(THE DRY)
1157,개정판 | 이준구 교수의 인간의 경제학
1158,가장 예쁜 생각을 너에게 주고 싶다
1159,대한민국 부동산 투자
1160,개정판 | 방콕 100배 즐기기
1161,립반윙클의 신부
1162,오빠와 아저씨는 한 끗 차이
1163,프레즌스
1164,나답게 살 용기
1165,신혼집 셀프 인테리어
1166,개정판 | 월요일의 그녀에게
1167,개정판 | 기억을 찾아서
1168,스토너
1169,12월 10일
1170,세상의 모든 리뷰
1171,당신은 사업가입니까
1172,예수가 선택한 십자가
1173,눈꽃이 떨어지기 전에
1174,인조이 중국 2권(2018)
1175,인조이 러시아(2018)
1176,인조이 뉴질랜드(2018)
1177,인조이 싱가포르(2018)
1178,인조이 호주(2018)
1179,인조이 이탈리아(2018)
1180,인조이 스페인(2018)
1181,인조이 말레이시아(2018)
1182,인조이 방콕(2018)
1183,인조이 홍콩(2018)
1184,개정판 | 나는 행복한 고양이 집사
1185,"늘 그렇듯, 네가 좋으면 나도 좋아"
1186,여행영어 100일의 기적
1187,왕초보 영어패턴 200플러스
1188,커넥트 에브리씽(Connect Everything)
1189,왕초보 영어회화 100일의 기적
1190,작고 예쁜 그림 한 장
1191,손글씨 나혼자 조금씩
1192,인터뷰 영어패턴 500 플러스
1193,연봉 1억! 영문 특허번역 가이드북
1194,누가 최고의 리더가 되는가
1195,나공부
1196,"영어회화, 365 단어로 끝장내기 (세상에서 제일 쉬운 영어)"
1197,해독주스 다이어트
1198,실버라이닝 플레이북
1199,골프 천재가 된 홍대리
1200,칼과 혀
1201,나는 청개구리 경매로 집 400채를 돈 없이 샀다
1202,아이가 스스로 책상에 앉는다
1203,4차 산업혁명 이미 와 있는 미래
1204,선대인의 대한민국 경제학
1205,에어비앤비 스토리
1206,"굿 이브닝, 펭귄"
1207,스탠드펌
1208,미라클 핏
1209,피터 드러커의 최고의 질문
1210,한 줄 내공
1211,센서티브
1212,왜 나는 이 사람을 따르는가
1213,고요한 밤의 눈
1214,1%의 영업자
1215,어쩌다 이런 가족
1216,할머니가 미안하다고 전해달랬어요
1217,리더의 그릇
1218,마녀식당으로 오세요
1219,에이드리언 몰의 비밀일기 1권
1220,루미너리스 2권
1221,심플
1222,용감한 친구들 1권
1223,작가수업 천양희
1224,개정판 | 웨딩드레스
1225,국화꽃 향기
1226,장사를 했으면 이익을 내라
1227,하버드 창업가 바이블
1228,카미유
1229,고독의 권유
1230,조선을 뒤흔든 16인의 기생들
1231,운명을 바꾸는 10년 통장
1232,스토리 프레젠테이션
1233,SNS 천재가 된 홍대리
1234,인사이트 플래닝
1235,과학고 수석 상웅이네 공부법
1236,조선을 뒤흔든 16인의 왕후들
1237,일본어 천재가 된 홍대리
1238,난설헌
1239,백석 평전
1240,기업의 시대
1241,분더킨트
1242,스페인은 건축이다
1243,예스타 베를링 이야기
1244,호텔 로완트리
1245,개정판 | 주식천재가된홍대리
1246,세계의 석학들 한국의 미래를 말하다
1247,인생을 바꾸는 건축수업
1248,와인 천재가 된 홍대리
1249,원서 잡아먹는 VOCA BASIC
1250,원서 잡아먹는 영작문
1251,유통만 알아도 돈이 보인다
1252,20대 컨셉력에 목숨 걸어라
1253,잠재고객을 사로잡는 인스타그램 마케팅
1254,웹툰 제작 무작정 따라하기
1255,소유진의 엄마도 아이도 즐거운 이유식
1256,개정판 | 부동산 가치평가 무작정 따라하기 (2017)
1257,무작정 따라하기 하와이
1258,무작정 따라하기 타이베이 타이완 북부 (2017~2018)
1259,무작정 따라하기 크로아티아 (2017~2018)
1260,개정판 | 무역&오퍼상 무작정 따라하기
1261,디자이너’s PRO 실무 영상 편집
1262,두 번째 명함
1263,1인카페 무작정 따라하기
1264,소실점
1265,사바이 인도차이나
1266,라이프 트렌드 2018
1267,그 여름의 끝
1268,나는 이 세상에 없는 계절이다
1269,뒹구는 돌은 언제 잠 깨는가 - 문학과지성 시인선 013
1270,송민령의 뇌과학 연구소
1271,"인공지능의 시대, 인간을 다시 묻다"
1272,영어 동사 전치사 무작정 따라하기
1273,개정판 | 여행영어 무작정 따라하기
1274,화학에서 인생을 배우다
1275,화가 禍家
1276,"트럼프, 강한 미국을 꿈꾸다 TIME TO GET TOUGH"
1277,탈무드에서 마크 저커버그까지
1278,지금 이 순간의 역사
1279,주식회사 대한민국
1280,작가란 무엇인가 3
1281,작가란 무엇인가 2
1282,작가란 무엇인가
1283,이슬람 전사의 탄생
1284,엄마 수업
1285,식탁의 비밀
1286,스님의 주례사
1287,설레지 않으면 버려라
1288,상어의 도시 2
1289,사랑의 온도
1290,뮤지코필리아
1291,루시골트이야기
1292,다이어트 영문법
1293,다른 사람
1294,뉴욕 미스터리
1295,NOW WRITE 장르 글쓰기 02 - 로맨스
1296,50개의 키워드로 읽는 자동차 이야기
1297,어느 노과학자의 마지막 강의
1298,나는 성인이 되어 다시 피아노를 치기 시작했다
1299,n분의 1의 함정
1300,통계의 함정
1301,키 작은 내 아이 한 뼘 더 커지는 초간단 성장 마사지
1302,세상을 바꿀 테크놀로지 100
1303,아침 3분 데카르트를 읽다
1304,영포자도 이해하는 신개념 영문법
1305,낯선 이와 느린 춤을
1306,자기신뢰의 힘
1307,인스타그램으로 SNS마케팅을 선점하라
1308,내가 사랑한 수학
1309,금속전쟁
1310,사이언스 칵테일
1311,니콜라 테슬라 평전
1312,물
1313,과학한다는 것
1314,중2병의 비밀
1315,많든 적든 내 월급이다
1316,"원자, 인간을 완성하다"
1317,탈무드
1318,월세 300만원 받는 월급쟁이 부동산 부자들
1319,용혜원의 그대에게 주고 싶은 나의 시
1320,당신은 정직한가
1321,위대한 수학문제들_골드바흐 추측에서 질량간극 가설까지 한 권으로 읽는 최강의 수학난제
1322,남자아이 키울 때 꼭 알아야 할 것들
1323,이것은 물이다
1324,개정판 | 가까운 사람들과 편하게 지내는 법
1325,"팀장인데, 1도 모릅니다만"
1326,우리 옆집에 영국남자가 산다
1327,직장인을 위한 글쓰기의 모든 것
1328,고슴도치의 소원
1329,현대 철학 로드맵
1330,혼자 잘해주고 상처받지 마라
1331,악마의 산
1332,"그녀들의, 프랑스식, 연애"
1333,세상에 읽지 못할 책은 없다
1334,매직 스트링
1335,연애하지 않을 자유
1336,약혼 살인
1337,군주의 거울 키루스의 교육
1338,인간의 위대한 질문
1339,죽고 싶어지면 전화해
1340,달러의 역설
1341,언브로큰 2
1342,동양철학 인생과 맞짱 뜨다
1343,에디톨로지
1344,욕망을 기획하라
1345,더 인터뷰(THE INTERVIEW)
1346,"책 읽어주는 남자,10년의 노트"
1347,어떻게 창업하셨습니까?
1348,건축으로 만나는 1000년 로마
1349,팀장의 품격
1350,나는 당신을 봅니다
1351,예금풍차를 돌려라
1352,이탈리아 도시기행
1353,마음을 비우면 얻어지는 것들
1354,모질게 토익 ECONOMY VOCA
1355,오바마 영어 연설문
1356,우리는 안아주는 사람일 뿐
1357,2018 대한민국 재테크 트렌드
1358,아낌없이 뺏는 사랑
1359,좋은 대통령이 나쁜 대통령된다
1360,엄마의 빈틈이 아이를 키운다
1361,손석희가 말하는 법
1362,유럽의 시간을 걷다
1363,나는 입이 없다 그리고 나는 비명을 질러야 한다
1364,토끼의 아리아
1365,안드로메다 성운
1366,혁명하는 여자들
1367,유리감옥
1368,양 목에 방울 달기
1369,체체파리의 비법
1370,화재감시원
1371,사야가 김충선 03권 (완결)
1372,절망의 구
1373,"나, 열심히 살고 있는데 왜 자꾸 눈물이 나는 거니?"
1374,아홉 소리나무가 물었다
1375,인덱스
1376,블루 머더
1377,감염유희感染遊戱
1378,시머트리
1379,소울 케이지
1380,개들이 식사할 시간
1381,강아지 나라에서 온 편지
1382,애너벨
1383,"광기, 예술, 글쓰기"
1384,동물원이 된 미술관
1385,마녀에게서 온 편지: 멘눌라라
1386,페이스쇼퍼
1387,트레인 스포팅
1388,토우의 집
1389,일곱 개의 고양이 눈
1390,우울할 땐 니체
1391,수혼
1392,살인자의 편지
1393,내 인생의 화양연화
1394,내 집 마련의 여왕
1395,나는 이제 니가 지겨워
1396,나는 변하기로 했다
1397,41
1398,이 삶을 사랑하지 않을 이유가 없다
1399,사주 경영학
1400,나는 스쿨버스 운전사입니다
1401,말이 무기다
1402,일이 빠른 사람은 보이지 않는 곳에서 무엇을 할까
1403,나는 왜 작은 일에도 상처받을까
1404,나는 직장에 다니면서 12개의 사업을 시작했다
1405,기자의 글쓰기
1406,세계 시장을 지배하는 작은 기업들은 어떤 생각을 할까
1407,나는 상처받지 않기로 했다
1408,스마트한 월급 관리의 법칙
1409,퇴근 말고 퇴사가 하고 싶다
1410,까칠한 재석이가 폭발했다
1411,빅데이터를 지배하는 통계의 힘 - 데이터활용 편
1412,유독스토리의 탐나는 셀프 인테리어
1413,꼼수 영어회화 (기초편)
1414,뇌가 섹시해지는 추리퀴즈(1단계)
1415,"중국, 엄청나게 가깝지만 놀라울 만큼 낯선"
1416,비틀어 글쓰기
1417,책장의 정석
1418,"고마워, 한마디의 기적"
1419,실록에서 찾아낸 조선의 민낯
1420,뇌가 섹시해지는 책
1421,"엄마, 아빠가 꼭 알아야 할 아기행동 89가지"
1422,탁류 (한국문학을 권하다 22: 채만식 장편소설)
1423,해방전후 (한국문학을 권하다 18: 이태준 단편전집 2)
1424,발가락이 닮았다 (한국문학을 권하다 17: 김동인 단편전집 2)
1425,도시와 유령 (한국문학을 권하다 13: 이효석 단편전집 2)
1426,두 파산 (한국문학을 권하다 11: 염상섭 단편전집)
1427,오늘이 내 인생의 마지막 날이라면
1428,개정판 | 초보 엄마 아빠를 위한 모유수유 육아백과
1429,성공하는 사람은 스피치가 다르다
1430,일주일 60분 아이디어 회의법
1431,일상 여행자의 낯선 하루
1432,전지전능한 할머니가 죽었다
1433,승진하는 여자 짤리는 여자
1434,그라시아스 라틴
1435,하이힐 신고 독서하기
1436,딴짓해도 괜찮아
1437,조선 자본주의 공화국
1438,프랑스 아이들은 왜 말대꾸를 하지 않을까
1439,거리 두기
1440,어느 소방관의 기도
1441,개정판 | 일을 했으면 성과를 내라
1442,오픈 시즌
1443,염매처럼 신들리는 것
1444,대장 김창수
1445,냇물아 흘러흘러 어디로 가니
1446,손잡고 더불어
1447,처음처럼
1448,개정판 | 더불어숲
1449,카오스 멍키
1450,전쟁론
1451,마인드웨어
1452,대한민국에 이런 학교가 있었어?
1453,골목의 전쟁
1454,뽑히는 글쓰기
1455,치과의사 피트씨의 똑똑한 배당주 투자
1456,무한을 넘어서
1457,트라우마
1458,밑줄 긋는 남자
1459,느빌 백작의 범죄
1460,배반
1461,벙커 다이어리
1462,매그레와 벤치의 사나이
1463,레스토랑에서
1464,어머니
1465,순수의 시대
1466,80일간의 세계 일주
1467,로빈슨 크루소
1468,천로역정
1469,나사의 회전
1470,비극의 탄생
1471,샴페인 친구
1472,세상과 나 사이
1473,킬러 안데르스와 그의 친구 둘
1474,빨간 수첩의 여자
1475,모든 일이 드래건플라이 헌책방에서 시작되었다
1476,세설 (상)
1477,마윈
1478,"디어 존, 디어 폴"
1479,전망 좋은 방
1480,비둘기
1481,콘트라베이스
1482,엄청멍충한
1483,빚으로 지은 집
1484,오래오래
1485,사랑의 파괴
1486,두려움과 떨림
1487,푸른 수염
1488,전날의 섬
1489,세상의 바보들에게 웃으면서 화내는 방법
1490,셈을 할 줄 아는 까막눈이 여자
1491,종교의 기원
1492,농담과 무의식의 관계
1493,말테의 수기
1494,젊은 예술가의 초상
1495,비숍 살인 사건
1496,바람과 함께 사라지다 (상)
1497,대주교에게 죽음이 오다
1498,보물섬
1499,지하로부터의 수기
1500,노름꾼
1501,쾌걸조로
1502,드라큘라 (하)
1503,의심스러운 싸움
1504,이상한 나라의 앨리스
1505,댈러웨이 부인
1506,오늘 한잔?
1507,살인 카드 게임
1508,카테고리 킹
1509,내가 내일 죽는다면
1510,계단 위의 여자
1511,2018 한국이 열광할 세계 트렌드
1512,세상에서 가장 기발한 우연학 입문
1513,안개 속 소녀
1514,범죄 캘린더
1515,꼬리 많은 고양이
1516,옳고 그름
1517,회사가 싫어서
1518,혼자 있고 싶은 남자
1519,나는 나부터 사랑하기로 했다
1520,"그렇게, 아버지가 된다"
1521,폭스가의 살인
1522,열흘간의 불가사의
1523,재앙의 거리
1524,킹은 죽었다
1525,최후의 일격
1526,"더블, 더블"
1527,그레인 브레인
1528,아프리카에는 아프리카가 없다
1529,걱정도 습관이다
1530,서른엔 뭐라도 되어 있을 줄 알았다
1531,생각이 너무 많은 여자
1532,너의 내면을 검색하라
1533,눈치 보는 나 착각 하는 너
1534,서른엔 행복해지기로 했다
1535,방황해도 괜찮아
1536,한비네 집 맛있는 이야기
1537,청춘의 고전
1538,연애가 필요해
1539,핑크 드라이버의 자동차 아는 여자
1540,의뢰인
1541,스페인 곶 미스터리
1542,중국 오렌지 미스터리
1543,샴 쌍둥이 미스터리
1544,이집트 십자가 미스터리
1545,프랑스 파우더 미스터리
1546,로마 모자 미스터리
1547,프랜차이즈 저택 사건
1548,주식시장을 이기는 큰 비밀
1549,개정판 | 주식시장을 이기는 작은책
1550,이노베이션 3.0
1551,사장의 본심
1552,새로운 디지털 시대
1553,러시아 혁명사 강의
1554,다이너마이트 니체
1555,먹는 인간
1556,안으로 멀리 뛰기
1557,대한민국 넷페미사
1558,호모 저스티스
1559,후 불어 꿀떡 먹고 꺽
1560,삶과 문명의 눈부신 비전 열하일기
1561,"우정, 나의 종교"
1562,동사의 맛
1563,불량헬스2 스트렝쓰편
1564,개정판 | 20세기의 셔츠
1565,죽은 올빼미 농장
1566,드래곤 플라이
1567,개정판 | 식스틴 (6teen)
1568,세상은 언제나 금요일은 아니지
1569,중력 삐에로
1570,상상병 환자들
1571,잭나이프
1572,커플
1573,마부
1574,너의 고독 속으로 달아나라
1575,각하 문학을 읽으십시오
1576,우스운 자의 꿈
1577,잘 팔리는 한 줄 카피
1578,생각을 확장하다
1579,어른은 겁이 많다
1580,히든 챔피언: 글로벌 원정대
1581,은퇴부자들
1582,왜 따르는가
1583,마이더스 터치
1584,공병호의 군대 간 아들에게
1585,웨스트포인트처럼 하라
1586,고요함이 들려주는 것들
1587,경매 부자들
1588,3일 만에 끝내는 말공부
1589,지금 외롭다면 잘되고 있는것이다
1590,야해야 청춘
1591,내일도 출근하는 딸에게
1592,국기로 보는 세계 상식
1593,인성이 쑥쑥 자라는 아름다운 놀이사전
1594,그림으로 보는 세종대왕
1595,그림으로 보는 이순신
1596,벼리서당 수상한 역사이야기
1597,호랑이와 곶감
1598,팥죽할멈
1599,빨간모자
1600,세계 대표 동화
1601,두고 두고 읽고 싶은 한국대표 창작동화 9
1602,두고 두고 읽고 싶은 한국대표 창작동화 8
1603,두고 두고 읽고 싶은 한국대표 창작동화 7
1604,두고 두고 읽고 싶은 한국대표 창작동화 6
1605,두고 두고 읽고 싶은 한국대표 창작동화 5
1606,두고 두고 읽고 싶은 한국대표 창작동화 4
1607,두고 두고 읽고 싶은 한국대표 창작동화 3
1608,두고 두고 읽고 싶은 한국대표 창작동화 2
1609,그림으로 보는 한국사 인물
1610,만화로 보는 지식교과서 과학인물
1611,만화로 보는 지식교과서 글쓰기
1612,만화로 보는 지식교과서 세계사
1613,만화로 보는 지식교과서 고사성어
1614,만화로 보는 지식교과서 우리속담 100
1615,탈무드
1616,세계 지도보다 큰 꿈을 펼쳐 봐
1617,블록체인노믹스
1618,2018 대한민국 트렌드
1619,"엄마, 주식 사주세요"
1620,김미경의 인생미답
1621,한 여름 밤의 비밀
1622,경영의 실제
1623,경제인의 종말
1624,이카루스 이야기
1625,관계의 힘
1626,파라슈트
1627,혼란기의 경영
1628,피터 드러커의 위대한 혁신
1629,차별화의 천재들
1630,굿 미 배드 미
1631,나는 어떻게 너를 잃었는가
1632,나는 너를 본다
1633,하버드 집중력 혁명
1634,죽기 전에 답해야 할 101가지 질문
1635,마음의 힘
1636,잘 산다는 것에 대하여
1637,와일드
1638,나를 사랑하지 못하는 나에게
1639,서른살이 심리학에게 묻다
1640,작은 가게가 돈 버는 기술
1641,우리는 나선으로 걷는다
1642,어쩌면 내가 가장 듣고 싶었던 말
1643,철학카페에서 작가를 만나다 2
1644,철학카페에서 작가를 만나다 1
1645,개정판 | 독서력
1646,너는 나에게 상처를 줄 수 없다 2
1647,오늘 내가 사는게 재미있는 이유
1648,관통한국사
1649,파리의 심리학 카페
1650,시골의사 박경철의 청소년을 위한 자기혁명
1651,"서른에서 멈추는 여자, 서른부터 성장하는 여자"
1652,내릴 수 없는 배
1653,나는 정말 나를 알고있는가
1654,듀이
1655,너는 나에게 상처를 줄 수 없다
1656,빨간 리본
1657,페넘브라의 24시 서점
1658,SQ 사회지능
1659,괴짜경제학 플러스
1660,딸에게 보내는 심리학 편지
1661,안인희의 북유럽 신화 1
1662,한권으로 읽는 세종대왕실록
1663,한권으로 읽는 신라왕조 실록
1664,한권으로 읽는 고구려왕조 실록
1665,다중지능
1666,"아이가 열 살이 넘으면 하지 말아야 할 말, 해야 할 말"
1667,끝이 있어야 시작도 있다
1668,똑똑한 임신 출산 육아 대백과
1669,우리는 어떻게 프로그래밍 되었는가
1670,내 여자친구는 여행중
1671,밑줄 긋는 여자
1672,아이러브 유
1673,대답의 책
1674,사랑 고마워요 고마워요
1675,신의진의 초등학생 심리백과
1676,문재인이 드립니다
1677,관찰자
1678,스마트한 생각들
1679,스무살에 알았더라면 좋았을 것들
1680,나는 나무처럼 살고싶다
1681,어른으로 산다는 것 (개정증보판)
1682,신의진의 아이 심리백과 5~6세편
1683,현명한 부모는 아이를 느리게 키운다
1684,심리학이 서른 살에게 답하다
1685,개정판 | 규슈 100배 즐기기 (2018-2019)
1686,유대인 엄마는 장난감을 사지 않는다
1687,"스물셋, 죽기로 결심하다"
1688,개정판 | 오키나와 100배 즐기기
1689,6개월부터 7세까지 아이가 잘 노는 여행지 200
1690,극한육아 상담소
1691,오늘도 출근합니다
1692,코타키나발루 미니 100배 즐기기
1693,그들이 어떻게 해내는지 나는 안다
1694,우리는 부동산으로 월급 받는다
1695,면접의 힘
1696,하유 아빠의 아이주도 이유식
1697,동유럽 100배 즐기기
1698,"다시, 포르투갈"
1699,"그때, 타이완을 만났다"
1700,나는 다만 재미있는 일을 했을 뿐이다
1701,희망 수업
1702,발레 피트니스
1703,뭐라도 합시다
1704,닥치고 군대 육아
1705,승부의 신
1706,인문학은 밥이다
1707,착각하는 CEO
1708,나는 공짜로 공부한다
1709,인조이 크로아티아(2018)
1710,인조이 미국 서부(2018)
1711,인조이 두바이(2018)
1712,인조이 미얀마(2018)
1713,인조이 터키(2018)
1714,인조이 상하이(2018)
1715,인조이 유럽 2권(2018)
1716,인조이 타이완(2018)
1717,인조이 오키나와(2018)
1718,인조이 뉴욕(2018)
1719,인조이 동유럽(2018)
1720,인조이 파리(2018)
1721,인조이 규슈(2018)
1722,바이럴
1723,마음 읽기
1724,꽃보다 드라이플라워
1725,읽어보시집
1726,이환천의 문학살롱
1727,눈물을 닦고
1728,좋아 보여
1729,삼성의 임원은 어떻게 일하는가
1730,퍼즈
1731,300단어 영어회화의 기적
1732,오늘처럼 인생이 싫었던 날은
1733,주식회사 히어로즈
1734,여자의 미래
1735,100단어 영어회화의 기적
1736,서툰 감정
1737,밸리 4
1738,독서 천재가 된 홍 팀장
1739,코뿔소를 보여주마
1740,엄마의 첫 부동산 공부
1741,운명에서 희망으로
1742,고발
1743,나는 경매로 당당하게 사는 법을 배웠다
1744,오늘 한 푼 벌면 내일 두 푼 나가고
1745,정약용의 여인들
1746,1등의 전략
1747,원 워드
1748,나는 적금보다 5배 이상 버는 주식투자를 시작했다
1749,모델(MODEL)
1750,총각네 이영석의 장사 수업
1751,외모는 자존감이다
1752,마케팅을 부탁해
1753,10초만에 이기는 보고서
1754,봄날의 바다
1755,엑시덴탈 유니버스
1756,엄마의 돈 공부
1757,감정 정리의 힘
1758,인성교육의 기적
1759,비밀보장
1760,이나모리 가즈오의 회계경영
1761,천자문 인문학
1762,왕의 초상
1763,잠깐만 회사 좀 관두고 올게
1764,첫 출근하는 영업자에게
1765,전략 천재가 된 홍대리
1766,결혼보다 월세
1767,왜 일류의 기업들은 인문학에 주목하는가
1768,나는 더 이상 여행을 미루지 않기로 했다
1769,왜 나는 범죄를 공부하는가
1770,담배 끊을 용기
1771,고양이인 척 호랑이
1772,한 번은 원하는 인생을 살아라
1773,개정판 | 경매 천재가 된 홍대리
1774,"너에게 닿는 거리, 17년"
1775,"미스터 폭스, 꼬리치고 도망친 남자"
1776,개정판 | 기획 천재가 된 홍대리
1777,똑바로 살아라
1778,90000리
1779,환율 천재가 된 홍대리
1780,리크루팅의 기술
1781,연애의 사생활
1782,공부의 기쁨이란 무엇인가
1783,"할 수 있다, 믿는다, 괜찮다"
1784,협상 천재가 된 홍대리
1785,공부하는 식당만이 살아남는다
1786,이 한 줄이 나를 세일즈 왕으로 이끌었다
1787,경성을 뒤흔든 11가지 연애사건
1788,100배의 축복
1789,"마흔 이후, 인생길"
1790,한 번은 독해져라
1791,디맨드
1792,나는 3개의 카드로 목돈을 만든다
1793,퍼펙트 워크
1794,좋은 엄마가 좋은 선생님을 이긴다_공부편
1795,비망록
1796,실업자
1797,쿨한 여자
1798,"빚, 정리의 기술"
1799,"지금 당장,"
1800,길 위에서 하버드까지
1801,젊은 변호사의 고백
1802,꼬마 난장이 미짓
1803,문학의 도끼로 내 삶을 깨워라
1804,대통령은 어떻게 탄생하는가
1805,삽질정신
1806,위매거진 07호 ARTIST
1807,버튼 터치 하트
1808,인간의 본능
1809,뉴로트라이브
1810,영화인이 말하는 영화인
1811,Try again! 중학교 영어로 다시 시작하는 영어회화 1 - 패턴 50
1812,애프터 크라이시스
1813,생각한다면 과학자처럼
1814,개정판 | 부동산 경매 무작정 따라하기
1815,무작정 따라하기 프라하 (2016~2017)
1816,무작정 따라하기 싱가포르 (2017~2018)
1817,개정판 | 동네 카페 무작정 따라하기
1818,개정판 | 대박 옷가게 무작정 따라하기
1819,나는 돈이 없어도 경매를 한다
1820,인간 붓다
1821,야단법석 2
1822,1년 안에 병원 매출 10배 올리기
1823,"나는 블로그 쇼핑몰로 월 1,000만 원 번다"
1824,요리사가 말하는 요리사
1825,불곰의 주식투자 불패공식
1826,한국 슈퍼 로봇 열전
1827,하우투 워라밸
1828,특강
1829,칠드런 액트
1830,좌익 축구 우익 축구
1831,"제7의 감각, 초연결지능"
1832,정리의 발견
1833,인섬니악 시티
1834,이공계의 뇌로 산다
1835,여름의 끝
1836,안도현의 발견
1837,쎄느강은 좌우를 나누고 한강은 남북을 가른다
1838,시인의 밥상
1839,수족관의 살인
1840,세 여자 2
1841,성공하는 한국인의 7가지 습관 (루트 앤 윙)
1842,새는 날아가면서 뒤돌아보지 않는다
1843,"비트코인 현상, 블록체인 2.0"
1844,몸이 먼저다
1845,모바일 트렌드 2018
1846,명강사 강의 기획
1847,메이드 인 공장
1848,망각과 자유
1849,만화로 교양하라
1850,로마는 왜 위대해졌는가
1851,대한민국 자영업 트렌드 2017
1852,난세에 답하다
1853,끌리는 사람은 1%가 다르다
1854,거꾸로 보는 고대사
1855,강릉
1856,1%만 바꿔도 인생이 달라진다
1857,재미 있는 웹툰 감동 있는 웹툰 교양 있는 웹툰
1858,나는 회사를 떠나지 않기로 했다
1859,배낭여행자의 여행법
1860,나를 변화시키는 좋은 습관
1861,생존의 조건
1862,회사생활의 단단한 기본기
1863,낙엽이 지기 전에
1864,과학의 위안
1865,가장 완벽한 시작
1866,실전 인스타그램 마케팅
1867,할 말 다 해도 괜찮습니다
1868,돈과 시간에서 자유로운 인생 1인 기업
1869,나는 경력없이 인맥없이 헤드헌터가 되었다
1870,금의 귀환
1871,나는 왜 고민하는 게 더 편할까
1872,"과학한다, 고로 철학한다"
1873,일상적이지만 절대적인 과학철학지식 50
1874,멈추어야 할 때 나아가야 할 때 돌아봐야 할 때
1875,"스물여섯 청춘, 100일만에 연봉4000만원 받는 비밀 노트"
1876,티타임 사이언스
1877,냥이에게 배우는 안방 요가
1878,빛보다 느린 세상
1879,멸종하거나 진화하거나
1880,짝짓기
1881,독한 것들
1882,뇌를 바꾼 공학 공학을 바꾼 뇌
1883,공기의 연금술
1884,사라져 가는 것들의 안부를 묻다
1885,늑대는 어떻게 개가 되었나
1886,개정판 | 아버지
1887,"달: 낭만의 달, 광기의 달"
1888,퇴근 후 2시간
1889,녹스머신
1890,내 마음속의 울림
1891,크리에이티브 드로잉
1892,아들에게 소리치는 엄마 딸에게 쩔쩔매는 아빠
1893,영혼들의 여행
1894,발표의 정석
1895,사이언스 소믈리에
1896,이제는 매혹적인 대화법이 이긴다
1897,외동아이 키울 때 꼭 알아야 할 것들
1898,쉽고 예쁜 색연필 글자 일러스트
1899,내 아이의 자존감
1900,미궁 - 수수께끼의 궁
1901,여자아이 키울 때 꼭 알아야 할 것들
1902,부모님 살아 계실 때 꼭 해드려야 할 45가지
1903,착한 웃음
1904,특허부자들
1905,매력 DNA
1906,장옥정 사랑에 살다
1907,내 편이 아니라도 적을 만들지 마라
1908,주식 농부처럼 투자하라
1909,리테일 마케팅 4.0
1910,학교혁명
1911,정희
1912,"당신, 힘들었겠다"
1913,아무래도 아이는 괜찮습니다
1914,흔들림 없이 두려움 없이
1915,빚 권하는 사회에서 부자되는 법
1916,연애는 광고다
1917,13시간
1918,서른이면 달라질 줄 알았다
1919,부산행
1920,심연
1921,니시우라 사진관의 비밀
1922,리워크
1923,개정판 | 나는 누구인가
1924,낮은 인문학
1925,"죽고 싶은 의사, 거짓말쟁이 할머니"
1926,신의 위대한 질문
1927,개정판 | 룸
1928,복지정치의 두 얼굴
1929,독일 교육 두 번째 이야기
1930,세계 최고의 인재들은 실패에서 무엇을 배울까
1931,공부의 힘
1932,피터 드러커가 살린 의사들3 - 대학병원편
1933,북한은 현실이다
1934,공병호의 인생강독
1935,생각 엮고 허물고 뒤집어라
1936,스토리 건배사
1937,북의 2
1938,인문학 명강 - 서양 고전
1939,응답하라 1994
1940,세대전쟁
1941,나는 나의 의지대로 된다
1942,누구에게나 어린 시절의 상처가 있다
1943,Reason 리즌
1944,개정판 | 행복한 이기주의자
1945,진심은 어떻게 전해지는가
1946,차별화의 법칙
1947,로맨스가 필요해
1948,개정판 | 언니의 독설
1949,일생에 한번은 독일을 만나라
1950,퍼스널 브랜드로 승부하라
1951,노는 만큼 성공한다
1952,엄마 힘들 땐 울어도 괜찮아
1953,도널드 트럼프라는 위험한 사례
1954,엄마는 내가 죽었으면 좋겠다고 말했다
1955,셰익스피어 인생의 문장들
1956,나란 인간
1957,우리는 언젠가 만난다
1958,가까운 날들의 사회학
1959,휴식 수업
1960,나는 뚱뚱하게 살기로 했다
1961,아주 경제적인 하루
1962,생각의 미술관
1963,지식인의 옷장
1964,사소한 칼
1965,고양이 발 살인사건
1966,빨간 구두 꺼져! 나는 로켓 무용단이 되고 싶었다고!
1967,낙원의 샘
1968,온 여름을 이 하루에
1969,멜랑콜리의 묘약
1970,저 이승의 선지자
1971,칼리반의 전쟁 2
1972,저주토끼
1973,노래하던 새들도 지금은 사라지고
1974,타인들 속에서
1975,무소유
1976,죽기 전에 논어를 읽으며 장자를 꿈꾸고 맹자를 배워라
1977,워크 피트니스
1978,살煞
1979,나를 세우는 단단한 힘 문사철
1980,폭스파이어
1981,갑자기 혼자가 되다
1982,자유주식회사
1983,박탈
1984,어두운 복도 아래로
1985,"한국인이 알아야 할 조선의 마지막 왕, 고종"
1986,덴마크 사람은 왜 첫 월급으로 의자를 살까
1987,레퀴엠
1988,샤이닝 걸스
1989,히스토리가 되는 스토리 경영
1990,특별한 배달
1991,케이든 선
1992,전생의 기억
1993,안젤라 신드롬
1994,악령
1995,소현
1996,셀러브리티
1997,살인마는 올가미를 두 번 묶지 않는다
1998,빅 스몰 The big small
1999,붉은 기억
2000,반인간선언
2001,무력할 땐 아리스토텔레스
2002,마녀 프레임
2003,디마이너스
2004,동주
2005,그녀의 집은 어디인가
2006,가족
2007,A(에이)
2008,일 따위를 삶의 보람으로 삼지 마라
2009,세계미래보고서 2018
2010,내가 걸어서 여행하는 이유
2011,하루 한 장 리스트의 힘
2012,고무보트를 타고 상어 잡는 법
2013,나는 왜 괜찮은 아이디어가 없을까
2014,마스터 알고리즘
2015,모든 요일의 여행
2016,볼드
2017,퓨처 스마트
2018,마인드 체인지
2019,반짝반짝 나의 서른
2020,떠나지 않으면 안 될 것 같아서
2021,만화로 배우는 꼼수 영어회화 : 활용편
2022,어쩌면 조금 외로웠는지도 몰라
2023,통증 제로 홈트
2024,프랑스 여자들의 뷰티 시크릿
2025,개정판 | 아무도 울지 않는 연애는 없다
2026,열세 살 마리옹
2027,뇌가 섹시해지는 추리 퀴즈(2단계)
2028,제이콥 모건의 다가올 미래
2029,회사에서 꼭 필요한 아주 작은 습관
2030,개정판 | 백년법 (하)
2031,개정판 | 죽음을 택한 조선의 선비들
2032,디자이너가 사랑한 백
2033,개정판 | 육식제국
2034,회사에서 꼭 필요한 최소한의 숫자력
2035,흡연자가 가장 궁금한 것들
2036,향수(한국문학을 권하다 28: 정지용 시전집)
2037,"꿈, 틀"
2038,정효찬의 뻔뻔한 생각책
2039,탐나는 칵테일
2040,원효대사 (한국문학을 권하다 25: 이광수 장편소설)
2041,무영탑 (한국문학을 권하다 21: 현진건 장편소설)
2042,운현궁의 봄 (한국문학을 권하다 20: 김동인 장편소설)
2043,흙 (한국문학을 권하다 16: 이광수 장편소설)
2044,사라진 헤밍웨이를 찾아서
2045,변정수의 탐나는 하우스 파티
2046,탐나는 술안주
2047,상록수 (한국문학을 권하다 05: 심훈 장편소설)
2048,내 아이를 바꾸는 아빠의 말
2049,협상의 힘
2050,퍽(Puck)
2051,"힘 안들이고 설득하는 착한 말, 착한 대화"
2052,모든 슬픔에는 끝이 있다
2053,사물의 민낯
2054,지금 나는 고민하지 않는 방법을 고민중이다
2055,반하게 하라
2056,내 꿈에 국경은 없다
2057,건방진 런던에 반하다
2058,THE AGE OF 29.7
2059,리더 김성근의 9회말 리더십
2060,1% 다른 스피치
2061,자신없다 절대 말하지 말라
2062,클래식 경영 콘서트
2063,공부가 되는 세계 명화
2064,유시민의 논술 특강
2065,인생학교: 돈
2066,너라는 위로
2067,인생학교: 정신
2068,있는 자리 흩트리기
2069,경제적 청춘
2070,조국의 만남
2071,"앞으로 3년, 미국 랠리에 올라타라"
2072,월급을 경영하라
2073,그릿
2074,리씽크_오래된 생각의 귀환
2075,인생은 혼자 떠나는 모험이다
2076,사는 곳이 운명이다
2077,돈을 이기는 법
2078,에너지 버스
2079,장사는 전략이다
2080,한국형 장사의 신
2081,답을 내는 조직
2082,한복 입은 남자
2083,기꺼이 죽이다
2084,네메시스
2085,대한민국 개조론
2086,노무현 김정일의 246분
2087,망월 2권 (완결)
2088,죽이는 책
2089,엘리트 마인드
2090,손자병법
2091,펜타메로네
2092,왜 우리는 집단에서 바보가 되었는가
2093,"언플래트닝, 생각의 형태"
2094,동양과 서양
2095,"힉스, 신의 입자 속으로"
2096,일론 머스크(elon musk)
2097,ONE PAGE 정리 기술
2098,그녀들의 크리스마스
2099,슈퍼유전자
2100,개정판 | 경매공부의 바다에 빠져라
2101,경계인을 넘어서
2102,대한민국 신국부론
2103,질문하는 힘
2104,명저 비즈니스에 답하다
2105,부동산 권리분석의 바다에 빠져라
2106,누구나 처음엔 걷지도 못했다
2107,돈 좀 굴려봅시다
2108,하우스프라우
2109,와이 넛지?
2110,러시아 소설
2111,우리는 거짓말쟁이
2112,가재걸음
2113,부모와 다른 아이들 2
2114,연애소설 읽는 노인
2115,적을 만들다
2116,소립자
2117,내면 보고서
2118,야망의 시대
2119,군인
2120,천국 주식회사
2121,아버지 죽이기
2122,빵 굽는 타자기
2123,정신분석학 개요
2124,"예술, 문학, 정신분석"
2125,문명 속의 불만
2126,정신 병리학의 문제들
2127,늑대인간
2128,일상생활의 정신 병리학
2129,새로운 정신분석 강의
2130,정신분석 강의
2131,인간과 초인
2132,타르튀프
2133,누구를 위하여 종은 울리나 (상)
2134,모히칸족의 최후
2135,지킬 박사와 하이드 씨
2136,풀잎
2137,밤으로의 긴 여로
2138,교수
2139,신곡 (천국)
2140,아웃 오브 아프리카
2141,몰타의 매
2142,대위의 딸
2143,무슨 말을 그따위로 하십니까?
2144,기네스 세계기록 2019 (기네스북)
2145,쓰레기통에서 꺼낸 콘티
2146,절대정의
2147,타임 푸어
2148,개정판 | 스틸앨리스
2149,앨런 튜링의 이미테이션 게임
2150,이솝 이야기
2151,안전을 책임지는 사람들
2152,우리나라 오천년 과학 이야기
2153,교과서에 날개를 달아주는 어휘
2154,인도 그 아름다운 거짓말
2155,조선 왕조 500년
2156,고려 왕조 500년
2157,백제 왕조 700년
2158,안네의 일기
2159,나는 아이보다 나를 더 사랑한다
2160,"엄마 마음, 태교"
2161,무소유 잠언집
2162,퍼스트맨
2163,가족의 몸을 살리는 30일 건강습관
2164,콜레스테롤은 살인자가 아니다
2165,개정판 | 무작정 따라하기 오사카 교토 (2017-2018)
2166,아기 소나무
2167,우리 신화 한바퀴
2168,꿈을 찍는 사진관
2169,인류 통증 연대기
2170,똑똑한 모험생 양육법
2171,꾸짖는 기술
2172,유혹의 학교
2173,디자이너가 말하는 디자이너
2174,기자가 말하는 기자
2175,구의 증명
2176,청춘이 사는 법
2177,나는 세계 일주로 자본주의를 만났다
2178,나는 세계 일주로 경제를 배웠다
2179,낭만적 사랑과 사회
2180,DOR 도어 01호 맬버른
2181,건축가가 말하는 건축가
2182,개정판 | 의사가 말하는 의사
2183,1만 시간의 법칙
2184,아이 없는 완전한 삶
2185,외교상상력
2186,몸 멈출수 없는 상상의 유혹
2187,"개미, 내 가여운 개미"
2188,왜 다시 도요타인가
2189,비욘드 로맨스
2190,재미
2191,파괴자들 Disruptors
2192,해외선물 따라하기
2193,세상 모든 행복
2194,개정판 | 대한민국 주식투자 100년사
2195,도요타의 원가
2196,인생을 바르게 보는 법 놓아주는 법 내려놓는 법
2197,대서사의 서막
2198,나도 내 말을 잘 들어주는 사람이 좋다
2199,단순하게 사는 즐거움
2200,사랑의 내막
2201,내일도 사랑을 할 딸에게
2202,버텨낼 권리
2203,회계의 신
2204,혼자만 깨우치면 뭣 하겠는가
2205,심플을 생각한다
2206,인간 증발
2207,감정 테러리스트
2208,"이제야, 비로소 인생이 다정해지기 시작했다"
2209,"어떤 삶을 살든, 여자가 절대 포기하지 말아야 할 것들"
2210,신화의 숲에서 리더의 길을 묻다
2211,주진우의 이명박추격기
2212,쓸모없는 짓의 행복
2213,투명사회
2214,증강현실
2215,가상현실
2216,대한민국 금융 잔혹사
2217,고수의 일침
2218,누구나 상처를 안고 살아간다
2219,무엇을 버릴 것인가
2220,아는 자와 모르는 자의 한 끗 차이
2221,내 인생을 바꾼 부동산 공부
2222,고민하는 내가 아름답다
2223,이코노믹 씽킹
2224,만화가가 말하는 만화가
2225,방송작가가 말하는 방송작가
2226,좌뇌와 우뇌 사이
2227,회사에서 꼭 필요한 최소한의 독서법
2228,플랜하라
2229,지금 당신의 차례가 온다면
2230,그의 여자
2231,사회복지사가 말하는 사회복지사
2232,수의사가 말하는 수의사
2233,금융인이 말하는 금융인
2234,20세기 라디오 키드
2235,도서관의 살인
2236,위건 부두로 가는 길
2237,나는 왜 쓰는가
2238,나쁜 짓들의 역사
2239,인물로 읽는 라이벌 한국사
2240,감각의 미래
2241,나는 120살까지 살기로 했다
2242,우리가 만약 집을 짓는다면
2243,출근하는 당신도 행복할 권리가 있다
2244,강한 형님들의 진짜 운동
2245,엉클 톰스 캐빈
2246,광고인이 말하는 광고인
2247,불온한 경성은 명랑하라
2248,내 안에서 나를 만드는 것들
2249,배려를 파는 가게
2250,짧고 깊은 철학 50
2251,책 읽고 매출의 신이 되다
2252,단순하게 사는 지혜
2253,독일군의 신화와 진실
2254,로버트 라이시의 자본주의를 구하라
2255,파리에선 그대가 꽃이다
2256,스토리가 스펙을 이긴다
2257,고독한 시월의 밤
2258,비스트
2259,64 (육사)
2260,마인드 트래커
2261,브랫 패러의 비밀
2262,회색 코뿔소가 온다
2263,너의 안부를 묻는 밤
2264,어제를 버려라
2265,2차세계대전사 1권
2266,"그해, 역사가 바뀌다"
2267,어른아이로 산다는 것
2268,이왕이면 예쁘고 행복하게
2269,스파이처럼 일하라
2270,머물지 마라 그 아픈 상처에
2271,기업가정신
2272,나무야 나무야
2273,내가 고전을 공부하는 이유
2274,말공부
2275,마인드 바이러스
2276,스마트한 심리학 사용법
2277,심리학 나 좀 구해줘
2278,스터디코드 3.0
2279,왜 학교는 질문을 가르치지 않는가
2280,이것은 일기가 아니다
2281,코액티브 코칭
2282,퀸 수사국
2283,나는 즐라탄이다
2284,백설공주
2285,인어공주
2286,신데렐라
2287,피노키오
2288,바다가 보이는 이발소
2289,천국에서 보낸 5년
2290,마이웨딩 My Wedding 2018.8
2291,당신을 위한 국가는 없다
2292,한권으로 읽는 대한민국 대통령실록
2293,개정판 | 사임당의 붉은 비단보
2294,개정판 | 히말라야의 눈물
2295,나는 정말 너를 사랑하는 걸까
2296,나의 진짜 아이들
2297,두고 두고 읽고 싶은 한국대표 창작동화 1
2298,여름 거짓말
2299,다 잘된 거야
2300,왜 나는 법을 공부하는가
2301,"조국, 대한민국에 고한다"
2302,그리스 관 미스터리
2303,네덜란드 구두 미스터리
2304,미국 총 미스터리
2305,국가는 왜 우리를 만족시키지 못하는가
2306,뉴욕 3부작
2307,얼음 속의 소녀들
2308,진작 알았어야 할 일
2309,싱글빌
2310,"탈리오, 살인범의 팬카페"
2311,사기꾼의 심장은 천천히 뛴다
2312,당신은 반려견과 대화하고 있나요?
2313,개정판 | 인조이 오사카 (2018)
2314,인조이 홋카이도(2018)
2315,개정판 | 런던 100배 즐기기 (2018-2019)
2316,대한민국이 묻는다
2317,인생학교: 일
2318,세계미래보고서 2055
2319,인플레이션의 시대
2320,개정판 | 오사카 100배 즐기기 (2018-2019)
2321,나는 착한 딸을 그만두기로 했다
2322,인플레이션
2323,뇌 속에 또 다른 뇌가 있다
2324,구글의 아침은 자유가 시작된다
2325,브릿마리 여기 있다
2326,나는 까칠하게 살기로 했다
2327,숨쉬듯 가볍게
2328,단델라이언
2329,인생학교: 세상
2330,"그때, 나에게 미처 하지 못한 말"
2331,지성만이 무기다
2332,0.1밀리미터의 혁신
2333,일의 언어
2334,포텐셜(Potential)
2335,개정판 | 타이완 100배 즐기기 (2018-2019)
2336,중국 주식 선강퉁
2337,"다시, 국가를 생각하다"
2338,그곳에 좋은 기운이 모인다
2339,인생학교: 시간
2340,일자리 혁명 2030
2341,세도나 마음혁명
2342,아픈 몸을 살다
2343,다시 일어서는 힘
2344,시민 쿠데타
2345,어른으로 살아갈 용기
2346,개정판 | 상하이 100배 즐기기
2347,해빗 스태킹
2348,대한민국의 시험
2349,라오스 100배 즐기기 : 비엔티안·방비엥·루앙 프라방
2350,100억 월급쟁이 부자들
2351,블루오션 시프트
2352,자존감은 어떻게 시작되는가
2353,잃어버린 대한민국의 시간
2354,학교는 하루도 다니지 않았지만
2355,자녀가 상처받지 않는 부모의 말투
2356,그로잉맘 내 아이를 위한 심플 육아
2357,내용 없는 인간
2358,몸이 달다
2359,지혜를 읽는 시간
2360,잘 모이는 공식
2361,멀리서 반짝이는 동안에。
2362,개정판 | 홍콩 마카오 100배 즐기기
2363,영혼이 강한 아이로 키워라
2364,느링느링 해피엔딩
2365,위험한 독서의 해
2366,기네스 세계기록 2018
2367,지혜와 운명
2368,사랑은 달아서 끈적한 것
2369,당신들의 조국
2370,가끔은 격하게 외로워야 한다
2371,나는 외롭다고 아무나 만나지 않는다
2372,개정판 | 핵심 유럽 100배 즐기기
2373,동유럽 문화도시 기행
2374,웃으면서 죽음을 이야기하는 방법
2375,구글의 미래
2376,더블린 사람들
2377,성
2378,패신저 23
2379,맞벌이 부자들
2380,개정판 | 알렉스
2381,개정판 | 뉴질랜드 100배 즐기기 (2015-2016)
2382,꼬마 한스와 도라
2383,테드 토크
2384,그가 그립다
2385,빌딩 부자들
2386,세일즈 천재가 된 홍대리
2387,나고야 100배 즐기기
2388,가짜 감정
2389,화폐의 몰락
2390,주홍 글자
2391,사람이 운명이다
2392,개정판ㅣ 나는 아내와의 결혼을 후회한다
2393,대통령의 시간
2394,비참할 땐 스피노자
2395,마시멜로 이야기
2396,나는 떠났다 그리고 자유를 배웠다
2397,인문학 습관
2398,책을 읽는 사람만이 손에 넣는 것
2399,이 모든 걸 처음부터 알았더라면
2400,여인의 초상 (하)
2401,얼굴과 손 드로잉
2402,힘콩의 재미어트
2403,일생에 한번은 프라하를 만나라
2404,"딸바보가 그렸어, 엄마의 일기장"
2405,개정판 | 아트 스피치
2406,"하고 싶다, 연애"
2407,개정판 | 다시 쓰는 술탄과 황제
2408,노무현의 시작
2409,박종훈의 대담한 경제
2410,개정판 | 덕혜옹주
2411,인생의 무게를 가볍게 하는 심리학
2412,나는 내가 아픈줄도 모르고
2413,남자의 물건
2414,한국인만 모르는 다른 대한민국
2415,개정판 | 어떻게 살 것인가
2416,개정판 | 사람을 얻는 지혜
2417,내가 지금 이럴 때가 아닌데
2418,나를 지키는 말 88
2419,인간의 이름으로 다시 쓰는 경영학
2420,리딩(Leading)
2421,서울대에서는 누가 A+를 받는가
2422,그때 알았더라면 좋았을 것들
2423,"군주의 거울,영웅전"
2424,마키아벨리
2425,행간
2426,코어 동사 101
2427,꿈이 있는 아내는 늙지 않는다 (개정증보판)
2428,스페인은 가우디다
2429,맛있고 따뜻한 한비네 부엌
2430,왜 공부하는가
2431,사마리아의 아주 특별한 별자리 상담소
2432,서른 살 연애법
2433,이연의 꿀바디 프로젝트
2434,공병호의 다시 쓰는 자기경영노트
2435,2020 차이나 리포트
2436,69_sixty nine
2437,지의 최전선
2438,철학 한입
2439,개정판ㅣ반삼국지 상
2440,사랑은 그렇게 끝나지 않는다
2441,사람의 마음을 얻는 법
2442,잘되는 기업은 무엇이 다를까
2443,개정판 | 장정일의 공부
2444,개정판 | 노후 걱정 없는 우리 집
2445,돈에서 자유로워지는 시간
2446,아빠의 인성교육
2447,스토리 건배사 2
2448,B형 남자와 연애하기
2449,너의 세계를 스칠 때
2450,영혼들의 기억
2451,호메시스
2452,"나의 사랑, 백남준"
2453,넌 가끔가다 내 생각을 하지 난 가끔가다 딴 생각을 해
2454,준비된 우연
2455,달라이 라마의 행복
2456,어떻게 사람의 마음을 얻을 것인가
2457,똑똑한 사람들의 멍청한 짓
2458,영혼들의 운명 1
2459,영혼들의 시간
2460,제대로 시켜라
2461,옥수수의 습격
2462,당신의 노후는 당신의 부모와 다르다
2463,크리에이터 코드
2464,철학 한입 더
2465,"개정판 | 카라바조, 이중성의 살인미학"
2466,손으로 기억하고 싶은 사랑이 있다
2467,아직 나를 만나지 못한 나에게
2468,사축일기
2469,개정판 | 필리핀 100배 즐기기
2470,내 마음 다치지 않게
2471,반갑다 호전반응
2472,헤세로 가는 길
2473,사랑에 독해져라
2474,얘야 너는 기업의 주인이다
2475,원효와 마르크스의 대화
2476,노자의 인간학
2477,개정판| 하이퍼포머
2478,아무 일 없는 것처럼
2479,성장하는 기업의 비밀
2480,청중을 사로잡는 명강의 기술
2481,창조의 탄생
2482,세부 미니 100배 즐기기
2483,대한민국 독서혁명
2484,정약용과 그의 형제들1
2485,삶이 내게 무엇을 묻더라도
2486,왜 나는 항상 연애가 어려울까
2487,켄 로빈슨 엘리먼트
2488,켄 로빈슨 엘리먼트-실전편
2489,때로는 나도 미치고 싶다
2490,왜 나는 중국을 공부하는가
2491,홍신애의 제대로 집밥
2492,감성의 끝에 서라
2493,대한민국 풍경사진 레시피 69
2494,내가 이끄는 삶의 힘
2495,여행자의 인문학
2496,서양이 동양에게 삶을 묻다
2497,100세 시대 은퇴 대사전
2498,불륜예찬
2499,김성근이다
2500,떠나기 전에 나를 깨워줘
2501,나는 혼자 스페인을 걷고 싶다
2502,내가 대화하는 이유
2503,살아있는 뜨거움
2504,세계 최고의 학교는 왜 인성에 집중할까
2505,완벽하지 않은 스무 살을 위한 진짜 공부
2506,시크릿 오브 코리아
2507,인생의 중요한 순간에 다시 물어야 할 것들
2508,세상 그 어떤 것도 나를 흔들 수 없다
2509,"다시, 나무를 보다"
2510,조선 왕 독살사건 1
2511,초등 입학 전 아이의 3년
2512,"호, 조선 선비의 자존심"
2513,습관은 배신하지 않는다
2514,누구에게나 그런 날
2515,당신은 도전자입니까
2516,이기적 삶의 권유
2517,일인자 유재석
2518,원 마일 클로저
2519,내 몸을 살리는 역설 건강법
2520,병의 90%는 스스로 고칠 수 있다
2521,소크라테스의 안경
2522,우리는 천국으로 출근한다
2523,트렌드 와칭
2524,억울한 의료사고 제대로 대처하는 법
2525,공병호의 초콜릿
2526,은퇴 달력
2527,재미있게 따라 그리는 사인펜 일러스트
2528,상상 오디세이
2529,그동안 우리가 몰랐던 대한민국 외교 이야기
2530,개정판 | 돈 걱정 없는 노후 30년
2531,좋은 엄마가 좋은 선생님을 이긴다_인성편
2532,선비의 탄생
2533,한 달에 한 번 12명의 인생 멘토를 만나다
2534,봄봄 (한국문학을 권하다 09: 김유정 단편전집)
2535,라면이 바다를 건넌 날
2536,보스가 된다는 것
2537,명품 인생을 만드는 10년 법칙
2538,취업의 정석
2539,"양생과 치유의 인문의학, 동의보감"
2540,북극 여행자
2541,인디언의 말타기
2542,결정적 순간 당신 옆에는 누가 있는가
2543,돈 걱정 없는 노후 30년 - 3대자산 이야기
2544,프로핏 레슨
2545,아웃 오브 박스(OUT OF BOX)
2546,욕망의 힘
2547,Samsung Way (삼성 웨이)
2548,최고의 습관
2549,사랑받는 여자 인정받는 여자
2550,1도씨 인문학
2551,경영의 신1
2552,서른 우리가 앉았던 의자들
2553,죽을 수도 살 수도 없을 때 서른은 온다
2554,거침없이 정청래 ; 정청래의 정치현장보고
2555,너를 사랑하는 데 남은 시간
2556,고득성의 인생은 돈관리다
2557,소설가는 늙지 않는다
2558,머리 가슴 장으로 해결하라
2559,바람이 되고 싶었던 아이
2560,희망의 예언자 오스카 로메로
2561,심리학자의 마음을 빌려드립니다
2562,워딩파워
2563,사랑의 미술관
2564,남자의 공간
2565,일생에 한 권 책을 써라
2566,꾸준함을 이길 그 어떤 재주도 없다
2567,삶에게 묻지 말고 삶의 물음에 답하라
2568,문제는 리액션이다
2569,서울대 엄마들
2570,백만불짜리 개미경제학
2571,말할 때마다 행운을 부르는 대화법
2572,뜨겁게 안녕
2573,서울대 기숙사
2574,사랑 두 개의 심장
2575,수능 당일 30점
2576,우리는 공부하는 가족입니다
2577,K팀장은 삼각김밥을 좋아한다
2578,1994년 어느 늦은 밤
2579,스타일 앤 스타
2580,홍명보의 미라클
2581,고3 공부법_마지막 반전을 위한
2582,이범의 교육 특강
2583,상처입은 봉황 선덕여왕
2584,돈 걱정 없는 노후 30년 - 가족재산 이야기
2585,착한 경쟁
2586,청춘의 종자돈
2587,하루라도 공부만 할 수 있다면
2588,신뢰의 마법
2589,서가의 연인들
2590,의식 있는 여성이 행복을 만든다
2591,봉중근의 야구공 실밥 터지는 소리
